filename,watermark_text,image_shape,psnr,ssim,ncc,imperceptibility_score,capacity_percent,ber_blur,ber_noise,ber_brightness,robustness_score,entropy,security_score,overall_score,extraction_success
pexels-bayfilm9-33348920.jpg,pexels-bayfilm9-3334,"(5836, 3891, 3)",111.1216,1.0,1.0,1.0,0.0003,100.0,5.0,100.0,31.66666666666667,3.7842,47.302499999999995,28.721,True
pexels-diego-giron-464799823-34385118.jpg,pexels-diego-giron-4,"(4672, 7008, 3)",112.4298,1.0,1.0,1.0,0.0002,100.0,10.0,100.0,30.0,3.5464,44.330000000000005,27.032000000000004,True
pexels-harun-15114174-31416796.jpg,pexels-harun-1511417,"(4240, 2832, 3)",106.402,1.0,1.0,1.0,0.0005,100.0,0.0,100.0,33.33333333333333,3.7219,46.52375,28.909499999999998,True
pexels-lucamusella-17567462.jpg,pexels-lucamusella-1,"(5099, 3828, 3)",112.7073,1.0,1.0,1.0,0.0003,100.0,5.0,100.0,31.66666666666667,3.2842,41.052499999999995,26.221,True
pexels-oscar-gnzlz-2156897677-34926297.jpg,pexels-oscar-gnzlz-2,"(2700, 2025, 3)",101.3444,1.0,1.0,1.0,0.0012,0.0,5.0,0.0,98.33333333333333,3.6842,46.0525,48.221000000000004,True
pexels-tochukwu-ekeh-2149052634-33324193.jpg,pexels-tochukwu-ekeh,"(4015, 3212, 3)",105.5967,1.0,1.0,1.0,0.0005,100.0,0.0,100.0,33.33333333333333,3.5219,44.02375,27.909499999999998,True
